"Accuracy","Precision","Recall","F1_Score"
0.788310941878008,0.0379598662207358,0.618528610354223,0.0715298566251772
